package,module,total_time,parser_time,parser_percentage,size,extension
binary-0.8.9.2,Data.Binary,46.915000000000006,2.238,4.770329318981135,8210,.hs
binary-0.8.9.2,Data.Binary.Builder,322.323,3.262,1.012028307008808,8619,.hs
binary-0.8.9.2,Data.Binary.Class,6791.1269999999995,13.248,0.19507807761509982,33094,.hs
binary-0.8.9.2,Data.Binary.FloatCast,5.574,1.335,23.95048439181916,1967,.hs
binary-0.8.9.2,Data.Binary.Generic,199.759,1.948,0.9751750859786043,5183,.hs
binary-0.8.9.2,Data.Binary.Get,783.64,6.103,0.7788014904803225,21608,.hs
binary-0.8.9.2,Data.Binary.Get.Internal,479.484,6.839,1.4263249660051223,15257,.hs
binary-0.8.9.2,Data.Binary.Internal,3.8629999999999995,0.906,23.453274657002332,15257,.hs
binary-0.8.9.2,Data.Binary.Put,564.842,3.037,0.5376724818621845,11581,.hs
